Workbook

Sheet Task 1 - Pivot Restaurant Sales
A1: Task 1: Download a sample food delivery dataset (orders, restaurant names, order dates, total amount) and create a Pivot Table to summarize total sales per restaurant.
A3: Order ID | B3: Order Date | C3: Month | D3: Restaurant Name | E3: Total Amount | G3: Row Labels | H3: Sum of Total Amount
A4: ZOM-ORD-001 | B4: 46023 | C4: January | D4: McDonalds | E4: 1012 | G4: Burger King | H4: =SUMIF(D4:D63, G4, E4:E63)
A5: ZOM-ORD-002 | B5: 46027 | C5: January | D5: Subway | E5: 905 | G5: La Pinoz | H5: =SUMIF(D4:D63, G5, E4:E63)
A6: ZOM-ORD-003 | B6: 46031 | C6: January | D6: La Pinoz | E6: 307 | G6: McDonalds | H6: =SUMIF(D4:D63, G6, E4:E63)
A7: ZOM-ORD-004 | B7: 46037 | C7: January | D7: Burger King | E7: 462 | G7: Subway | H7: =SUMIF(D4:D63, G7, E4:E63)
A8: ZOM-ORD-005 | B8: 46038 | C8: January | D8: McDonalds | E8: 980 | G8: Grand Total | H8: =SUM(H4:H7)
A9: ZOM-ORD-006 | B9: 46039 | C9: January | D9: McDonalds | E9: 395
A10: ZOM-ORD-007 | B10: 46039 | C10: January | D10: La Pinoz | E10: 1286
A11: ZOM-ORD-008 | B11: 46040 | C11: January | D11: La Pinoz | E11: 697
A12: ZOM-ORD-009 | B12: 46041 | C12: January | D12: Burger King | E12: 1166
A13: ZOM-ORD-010 | B13: 46041 | C13: January | D13: McDonalds | E13: 572
A14: ZOM-ORD-011 | B14: 46043 | C14: January | D14: Subway | E14: 518
A15: ZOM-ORD-012 | B15: 46044 | C15: January | D15: Burger King | E15: 1048
A16: ZOM-ORD-013 | B16: 46051 | C16: January | D16: La Pinoz | E16: 842
A17: ZOM-ORD-014 | B17: 46051 | C17: January | D17: La Pinoz | E17: 1265
A18: ZOM-ORD-015 | B18: 46053 | C18: January | D18: Burger King | E18: 1204
A19: ZOM-ORD-016 | B19: 46054 | C19: February | D19: Burger King | E19: 443
A20: ZOM-ORD-017 | B20: 46054 | C20: February | D20: Subway | E20: 1075
... A63: ZOM-ORD-060 | B63: 46139 | C63: April | D63: La Pinoz | E63: 1289

Sheet Task 2 - Pivot Bar Chart
A1: Task 2: Using the Pivot Table from your food delivery dataset, insert a Pivot Chart as a Bar Chart to visually compare total sales of each restaurant. Apply a custom color scheme to make the chart more readable.
A3: Restaurant Name | B3: Sum of Total Amount
A4: Burger King | B4: ='Task 1 - Pivot Restaurant Sales'!H4
A5: La Pinoz | B5: ='Task 1 - Pivot Restaurant Sales'!H5
A6: McDonalds | B6: ='Task 1 - Pivot Restaurant Sales'!H6
A7: Subway | B7: ='Task 1 - Pivot Restaurant Sales'!H7

Sheet Task 3 - Month Slicer
A1: Task 3: Add a Slicer to your Pivot Table and Chart that lets you filter sales data by month, so you can see how each restaurant performed in different months.
A3: Restaurant Name | B3: Total Sales (January) | E3: SLICER: Month
A4: Burger King | B4: =SUMIFS('Task 1 - Pivot Restaurant Sales'!E4:E63, 'Task 1 - Pivot Restaurant Sales'!D4:D63, A4, 'Task 1 - Pivot Restaurant Sales'!C4:C63, "January") | E4: All
A5: La Pinoz | B5: =SUMIFS('Task 1 - Pivot Restaurant Sales'!E4:E63, 'Task 1 - Pivot Restaurant Sales'!D4:D63, A5, 'Task 1 - Pivot Restaurant Sales'!C4:C63, "January") | E5: January (Selected)
A6: McDonalds | B6: =SUMIFS('Task 1 - Pivot Restaurant Sales'!E4:E63, 'Task 1 - Pivot Restaurant Sales'!D4:D63, A6, 'Task 1 - Pivot Restaurant Sales'!C4:C63, "January") | E6: February
A7: Subway | B7: =SUMIFS('Task 1 - Pivot Restaurant Sales'!E4:E63, 'Task 1 - Pivot Restaurant Sales'!D4:D63, A7, 'Task 1 - Pivot Restaurant Sales'!C4:C63, "January") | E7: March
E8: April

Sheet Task 4 - Pie Share Chart
A1: Task 4: Switch your Pivot Chart to a Pie Chart to show the percentage share of total sales for each restaurant, and format the chart to display data labels with both value and percentage.
A3: Restaurant Name | B3: Total Sales
A4: Burger King | B4: ='Task 1 - Pivot Restaurant Sales'!H4
A5: La Pinoz | B5: ='Task 1 - Pivot Restaurant Sales'!H5
A6: McDonalds | B6: ='Task 1 - Pivot Restaurant Sales'!H6
A7: Subway | B7: ='Task 1 - Pivot Restaurant Sales'!H7

Sheet Task 5 - Interactive Dashboard
A1: Task 5: Create an interactive dashboard sheet that displays a Line Chart from your Pivot Table showing monthly sales trends for the top 3 restaurants, and design the dashboard layout to look clean and user-friendly (add a title, adjust fonts, and align elements).
A3: Monthly Trends Matrix (Top 3 Restaurants)
A5: Months | B5: Burger King | C5: La Pinoz | D5: McDonalds
A6: January | B6: =SUMIFS('Task 1 - Pivot Restaurant Sales'!E4:E63, 'Task 1 - Pivot Restaurant Sales'!D4:D63, B5, 'Task 1 - Pivot Restaurant Sales'!C4:C63, A6) | C6: =SUMIFS('Task 1 - Pivot Restaurant Sales'!E4:E63, 'Task 1 - Pivot Restaurant Sales'!D4:D63, C5, 'Task 1 - Pivot Restaurant Sales'!C4:C63, A6) | D6: =SUMIFS('Task 1 - Pivot Restaurant Sales'!E4:E63, 'Task 1 - Pivot Restaurant Sales'!D4:D63, D5, 'Task 1 - Pivot Restaurant Sales'!C4:C63, A6)
A7: February | B7: =SUMIFS('Task 1 - Pivot Restaurant Sales'!E4:E63, 'Task 1 - Pivot Restaurant Sales'!D4:D63, B5, 'Task 1 - Pivot Restaurant Sales'!C4:C63, A7) | C7: =SUMIFS('Task 1 - Pivot Restaurant Sales'!E4:E63, 'Task 1 - Pivot Restaurant Sales'!D4:D63, C5, 'Task 1 - Pivot Restaurant Sales'!C4:C63, A7) | D7: =SUMIFS('Task 1 - Pivot Restaurant Sales'!E4:E63, 'Task 1 - Pivot Restaurant Sales'!D4:D63, D5, 'Task 1 - Pivot Restaurant Sales'!C4:C63, A7)
A8: March | B8: =SUMIFS('Task 1 - Pivot Restaurant Sales'!E4:E63, 'Task 1 - Pivot Restaurant Sales'!D4:D63, B5, 'Task 1 - Pivot Restaurant Sales'!C4:C63, A8) | C8: =SUMIFS('Task 1 - Pivot Restaurant Sales'!E4:E63, 'Task 1 - Pivot Restaurant Sales'!D4:D63, C5, 'Task 1 - Pivot Restaurant Sales'!C4:C63, A8) | D8: =SUMIFS('Task 1 - Pivot Restaurant Sales'!E4:E63, 'Task 1 - Pivot Restaurant Sales'!D4:D63, D5, 'Task 1 - Pivot Restaurant Sales'!C4:C63, A8)
A9: April | B9: =SUMIFS('Task 1 - Pivot Restaurant Sales'!E4:E63, 'Task 1 - Pivot Restaurant Sales'!D4:D63, B5, 'Task 1 - Pivot Restaurant Sales'!C4:C63, A9) | C9: =SUMIFS('Task 1 - Pivot Restaurant Sales'!E4:E63, 'Task 1 - Pivot Restaurant Sales'!D4:D63, C5, 'Task 1 - Pivot Restaurant Sales'!C4:C63, A9) | D9: =SUMIFS('Task 1 - Pivot Restaurant Sales'!E4:E63, 'Task 1 - Pivot Restaurant Sales'!D4:D63, D5, 'Task 1 - Pivot Restaurant Sales'!C4:C63, A9)
