Workbook

Sheet Task 1 - Group Month Year
A1: Task 1: Download a sample dataset of daily food delivery orders (with order dates and amounts) from Zomato or Swiggy, and create a Pivot Table to group total sales by Month and by Year.
A3: Order ID | B3: Order Date | C3: Restaurant | D3: City | E3: Amount | G3: Years | H3: Months | I3: Total Sales
A4: ZOM-ORD-001 | B4: 45658 | C4: Burger King | D4: Rajkot | E4: 544 | G4: 2025 | H4: Jan | I4: =SUMIFS(E4:E83, B4:B83, ">=2025-01-01", B4:B83, "<=2025-01-31") -> 3417
A5: ZOM-ORD-002 | B5: 45683 | C5: Pizza Hut | D5: Surat | E5: 1387 | H5: Feb | I5: =SUMIFS(E4:E83, B4:B83, ">=2025-02-01", B4:B83, "<=2025-02-28") -> 3149
A6: ZOM-ORD-003 | B6: 45685 | C6: Pizza Hut | D6: Rajkot | E6: 1486 | H6: Mar | I6: =SUMIFS(E4:E83, B4:B83, ">=2025-03-01", B4:B83, "<=2025-03-31") -> 2458
A7: ZOM-ORD-004 | B7: 45690 | C7: La Pinoz | D7: Ahmedabad | E7: 761 | H7: Apr | I7: =SUMIFS(E4:E83, B4:B83, ">=2025-04-01", B4:B83, "<=2025-04-30") -> 1032
A8: ZOM-ORD-005 | B8: 45695 | C8: Burger King | D8: Ahmedabad | E8: 1233 | H8: May | I8: =SUMIFS(E4:E83, B4:B83, ">=2025-05-01", B4:B83, "<=2025-05-31") -> 4126
A9: ZOM-ORD-006 | B9: 45699 | C9: La Pinoz | D9: Ahmedabad | E9: 1155 | H9: Jun | I9: =SUMIFS(E4:E83, B4:B83, ">=2025-06-01", B4:B83, "<=2025-06-30") -> 2071
A10: ZOM-ORD-007 | B10: 45719 | C10: Burger King | D10: Rajkot | E10: 666 | G10: 2026 | H10: Jan | I10: =SUMIFS(E4:E83, B4:B83, ">=2026-01-01", B4:B83, "<=2026-01-31") -> 6199
A11: ZOM-ORD-008 | B11: 45725 | C11: Subway | D11: Rajkot | E11: 846 | H11: Feb | I11: =SUMIFS(E4:E83, B4:B83, ">=2026-02-01", B4:B83, "<=2026-02-28") -> 2020
A12: ZOM-ORD-009 | B12: 45742 | C12: Subway | D12: Surat | E12: 946 | H12: Mar | I12: =SUMIFS(E4:E83, B4:B83, ">=2026-03-01", B4:B83, "<=2026-03-31") -> 9815
A13: ZOM-ORD-010 | B13: 45759 | C13: Burger King | D13: Surat | E13: 727 | H13: Apr | I13: =SUMIFS(E4:E83, B4:B83, ">=2026-04-01", B4:B83, "<=2026-04-30") -> 5200
A14: ZOM-ORD-011 | B14: 45765 | C14: McDonalds | D14: Ahmedabad | E14: 305 | G14: Grand Total | I14: =SUM(I4:I13) -> 39487
A15: ZOM-ORD-012 | B15: 45778 | C15: Subway | D15: Rajkot | E15: 729
A16: ZOM-ORD-013 | B16: 45791 | C16: Subway | D16: Rajkot | E16: 681
A17: ZOM-ORD-014 | B17: 45796 | C17: Subway | D17: Surat | E17: 864
A18: ZOM-ORD-015 | B18: 45796 | C18: McDonalds | D18: Ahmedabad | E18: 1028
A19: ZOM-ORD-016 | B19: 45796 | C19: KFC | D19: Surat | E19: 824
A20: ZOM-ORD-017 | B20: 45812 | C20: Pizza Hut | D20: Rajkot | E20: 1085
A21: ZOM-ORD-018 | B21: 45814 | C21: KFC | D21: Vadodara | E21: 172
A22: ZOM-ORD-019 | B22: 45817 | C22: La Pinoz | D22: Surat | E22: 515
A23: ZOM-ORD-020 | B23: 45831 | C23: Subway | D23: Ahmedabad | E23: 299
A24: ZOM-ORD-021 | B24: 45845 | C24: McDonalds | D24: Vadodara | E24: 152
A25: ZOM-ORD-022 | B25: 45865 | C25: La Pinoz | D25: Ahmedabad | E25: 1369
A26: ZOM-ORD-023 | B26: 45866 | C26: Subway | D26: Ahmedabad | E26: 973
... A83: ZOM-ORD-080 | B83: 46201 | C83: Subway | D83: Surat | E83: 294

Sheet Task 2 - Quarterly Trend
A1: Task 2: Using the same Pivot Table, group the order dates by Quarter instead of Month, and display the quarterly sales trend for the latest year available.
A3: Years | B3: Quarters | C3: Total Sales
A4: 2026 | B4: Qtr1 | C4: =SUMIFS('Task 1 - Group Month Year'!E4:E83, 'Task 1 - Group Month Year'!B4:B83, ">=2026-01-01", 'Task 1 - Group Month Year'!B4:B83, "<=2026-03-31") -> 18034
B5: Qtr2 | C5: =SUMIFS('Task 1 - Group Month Year'!E4:E83, 'Task 1 - Group Month Year'!B4:B83, ">=2026-04-01", 'Task 1 - Group Month Year'!B4:B83, "<=2026-06-30") -> 15861
A6: Grand Total | C6: =SUM(C4:C5) -> 33895

Sheet Task 3 - Calculated Field
A1: Task 3: Add a Calculated Field to your Pivot Table that shows the average order value per month.
A3: Months | B3: Total Sales | C3: Count of Orders | D3: Average Order Value (Calculated Field)
A4: Jan | B4: ='Task 1 - Group Month Year'!I10 -> 6199 | C4: =COUNTIFS('Task 1 - Group Month Year'!B4:B83, ">=2026-01-01", 'Task 1 - Group Month Year'!B4:B83, "<=2026-01-31") -> 8 | D4: =B4/C4 -> 774.875
A5: Feb | B5: ='Task 1 - Group Month Year'!I11 -> 2020 | C5: =COUNTIFS('Task 1 - Group Month Year'!B4:B83, ">=2026-02-01", 'Task 1 - Group Month Year'!B4:B83, "<=2026-02-28") -> 3 | D5: =B5/C5 -> 673.33333
A6: Mar | B6: ='Task 1 - Group Month Year'!I12 -> 9815 | C6: =COUNTIFS('Task 1 - Group Month Year'!B4:B83, ">=2026-02-01", 'Task 1 - Group Month Year'!B4:B83, "<=2026-02-31") -> 0 | D6: =B6/C6 -> #DIV/0!
A7: Apr | B7: ='Task 1 - Group Month Year'!I13 -> 5200 | C7: =COUNTIFS('Task 1 - Group Month Year'!B4:B83, ">=2026-04-01", 'Task 1 - Group Month Year'!B4:B83, "<=2026-04-30") -> 6 | D7: =B7/C7 -> 866.66667

Sheet Task 4 - Pivot Slicer
A1: Task 4: Insert a Slicer to your Pivot Table for the 'City' or 'Restaurant' column, so you can instantly filter sales trends for a specific city or restaurant like 'Ahmedabad' or 'Burger King'.
A3: Months | B3: Sum of Amount (Filtered) | E3: SLICER: Restaurant
A4: Jan | B4: =SUMIFS('Task 1 - Group Month Year'!E4:E83, 'Task 1 - Group Month Year'!B4:B83, ">=2026-01-01", 'Task 1 - Group Month Year'!B4:B83, "<=2026-01-31", 'Task 1 - Group Month Year'!C4:C83, "Burger King") -> 1500 | E4: All
A5: Feb | B5: =SUMIFS('Task 1 - Group Month Year'!E4:E83, 'Task 1 - Group Month Year'!B4:B83, ">=2026-02-01", 'Task 1 - Group Month Year'!B4:B83, "<=2026-02-28", 'Task 1 - Group Month Year'!C4:C83, "Burger King") -> 1385 | E5: Burger King (Selected)
A6: Mar | B6: =SUMIFS('Task 1 - Group Month Year'!E4:E83, 'Task 1 - Group Month Year'!B4:B83, ">=2026-02-01", 'Task 1 - Group Month Year'!B4:B83, "<=2026-02-31", 'Task 1 - Group Month Year'!C4:C83, "Burger King") -> 0 | E6: La Pinoz
A7: Apr | B7: =SUMIFS('Task 1 - Group Month Year'!E4:E83, 'Task 1 - Group Month Year'!B4:B83, ">=2026-04-01", 'Task 1 - Group Month Year'!B4:B83, "<=2026-04-30", 'Task 1 - Group Month Year'!C4:C83, "Burger King") -> 2290 | E7: McDonalds
E8: Subway
E9: Pizza Hut
E10: KFC

Sheet Task 5 - Drill Down Data
A1: Task 5: Double-click on any quarterly sales total in your Pivot Table to drill down and view the list of individual orders that make up that total.
A3: Analysis of Drill Down Behavior Constraint:
A4: When you double-click a value inside an Excel Pivot Table (e.g., the Qtr1 sales total), Excel automatically generates a completely new standalone sheet placed right before the active tab.
A5: This new sheet acts as a detailed log view, containing only the specific individual matching transaction rows that make up that specific summary block total.
A6: For this project, double-clicking Qtr1 displays a customized sub-table containing all columns (Order ID, Order Date, Restaurant, City, Amount) filtered strictly between January 2026 and March 2026.
