Workbook

Sheet task1
A1: Task 1 Data Source: Historical sample dataset of IPL cricket matches used to feed summary data structures.
A3: Match ID | B3: Match Date | C3: Season Year | D3: Team 1 | E3: Team 2 | F3: Venue | G3: Winner
A4: IPL-2024-001 | B4: 45381 | C4: 2024 | D4: KKR | E4: RR | F4: Narendra Modi Stadium | G4: KKR
A5: IPL-2024-002 | B5: 45390 | C5: 2024 | D5: MI | E5: GT | F5: Wankhede Stadium | G5: GT
A6: IPL-2024-003 | B6: 45402 | C6: 2024 | D6: RCB | E6: SRH | F6: Wankhede Stadium | G6: RCB
A7: IPL-2024-004 | B7: 45374 | C7: 2024 | D7: RCB | E7: GT | F7: Wankhede Stadium | G7: RCB
A8: IPL-2024-005 | B8: 45429 | C8: 2024 | D8: GT | E8: RR | F8: Narendra Modi Stadium | G8: GT
A9: IPL-2024-006 | B9: 45410 | C9: 2024 | D9: RR | E9: KKR | F9: Narendra Modi Stadium | G9: RR
A10: IPL-2024-007 | B10: 45419 | C10: 2024 | D10: DC | E10: GT | F10: Narendra Modi Stadium | G10: DC
A11: IPL-2024-008 | B11: 45396 | C11: 2024 | D11: SRH | E11: RCB | F11: Eden Gardens | G11: SRH
A12: IPL-2024-009 | B12: 45379 | C12: 2024 | D12: DC | E12: MI | F12: Narendra Modi Stadium | G12: MI
A13: IPL-2024-010 | B13: 45393 | C13: 2024 | D13: CSK | E13: SRH | F13: Wankhede Stadium | G13: SRH
A14: IPL-2024-011 | B14: 45423 | C14: 2024 | D14: KKR | E14: DC | F14: M.A. Chidambaram Stadium | G14: KKR
A15: IPL-2024-012 | B15: 45432 | C15: 2024 | D15: RCB | E15: GT | F15: M. Chinnaswamy Stadium | G15: GT
... A83: IPL-2026-080 | B83: 46132 | C83: 2026 | D83: CSK | E83: DC | F83: Narendra Modi Stadium | G83: CSK

Sheet task 2 & 3
A1: Task 2 & 3: Total Matches played per Team with Stadium Venue Slicer and Season Timeline filters applied.
A3: Team | B3: Matches Count | G3: VENUE SLICER PANEL
A4: CSK | B4: =COUNTIF(task1!D4:E83, A4) -> 19 | G4: Wankhede Stadium
A5: DC | B5: =COUNTIF(task1!D4:E83, A5) -> 17 | G5: M.A. Chidambaram Stadium
A6: GT | B6: =COUNTIF(task1!D4:E83, A6) -> 24 | G6: Eden Gardens
A7: KKR | B7: =COUNTIF(task1!D4:E83, A7) -> 18 | G7: M. Chinnaswamy Stadium
A8: MI | B8: =COUNTIF(task1!D4:E83, A8) -> 25
A9: RCB | B9: =COUNTIF(task1!D4:E83, A9) -> 14 | G9: TIMELINE: Season
A10: RR | B10: =COUNTIF(task1!D4:E83, A10) -> 25 | G10: 2024
A11: SRH | B11: =COUNTIF(task1!D4:E83, A11) -> 18 | G11: 2025 (Selected)
G12: 2026

Sheet task4
A1: Task 4: Interactive Dashboard linking multi-axis Bar (Wins) and Line (Trend over Time) charts to unified filter slicers.
A3: IPL MANAGEMENT ANALYTICS INSIGHTS SUITE
A6: Team | B6: Total Wins
A7: CSK | B7: =COUNTIF(task1!G4:G83, A7) -> 7
A8: DC | B8: =COUNTIF(task1!G4:G83, A8) -> 11
A9: GT | B9: =COUNTIF(task1!G4:G83, A9) -> 10
A10: KKR | B10: =COUNTIF(task1!G4:G83, A10) -> 13
A11: MI | B11: =COUNTIF(task1!G4:G83, A11) -> 11
A12: RCB | B12: =COUNTIF(task1!G4:G83, A12) -> 7
A13: RR | B13: =COUNTIF(task1!G4:G83, A13) -> 10
A14: SRH | B14: =COUNTIF(task1!G4:G83, A14) -> 11
A16: Season Year | B16: Matches Played
A17: 2024 | B17: =COUNTIF(task1!C4:C83, A17) -> 25
A18: 2025 | B18: =COUNTIF(task1!C4:C83, A18) -> 25
A19: 2026 | B19: =COUNTIF(task1!C4:C83, A19) -> 30

Sheet task5
A1: Task 5: Matrix view tracking team wins per season. Highlighting top performers using custom chart styles.
A3: Team / Season | B3: 2024 Wins | C3: 2025 Wins | D3: 2026 Wins
A4: CSK | B4: =SUMIFS(task1!C4:C83, task1!G4:G83, A4, task1!C4:C83, 2024)/2024 -> 1 | C4: =SUMIFS(task1!C4:C83, task1!G4:G83, A4, task1!C4:C83, 2025)/2025 -> 2 | D4: =SUMIFS(task1!C4:C83, task1!G4:G83, A4, task1!C4:C83, 2026)/2026 -> 4
A5: DC | B5: =SUMIFS(task1!C4:C83, task1!G4:G83, A5, task1!C4:C83, 2024)/2024 -> 2 | C5: =SUMIFS(task1!C4:C83, task1!G4:G83, A5, task1!C4:C83, 2025)/2025 -> 6 | D5: =SUMIFS(task1!C4:C83, task1!G4:G83, A5, task1!C4:C83, 2026)/2026 -> 3
A6: GT | B6: =SUMIFS(task1!C4:C83, task1!G4:G83, A6, task1!C4:C83, 2024)/2024 -> 5 | C6: =SUMIFS(task1!C4:C83, task1!G4:G83, A6, task1!C4:C83, 2025)/2025 -> 3 | D6: =SUMIFS(task1!C4:C83, task1!G4:G83, A6, task1!C4:C83, 2026)/2026 -> 2
A7: KKR | B7: =SUMIFS(task1!C4:C83, task1!G4:G83, A7, task1!C4:C83, 2024)/2024 -> 5 | C7: =SUMIFS(task1!C4:C83, task1!G4:G83, A7, task1!C4:C83, 2025)/2025 -> 4 | D7: =SUMIFS(task1!C4:C83, task1!G4:G83, A7, task1!C4:C83, 2026)/2026 -> 4
A8: MI | B8: =SUMIFS(task1!C4:C83, task1!G4:G83, A8, task1!C4:C83, 2024)/2024 -> 3 | C8: =SUMIFS(task1!C4:C83, task1!G4:G83, A8, task1!C4:C83, 2025)/2025 -> 4 | D8: =SUMIFS(task1!C4:C83, task1!G4:G83, A8, task1!C4:C83, 2026)/2026 -> 4
A9: RCB | B9: =SUMIFS(task1!C4:C83, task1!G4:G83, A9, task1!C4:C83, 2024)/2024 -> 4 | C9: =SUMIFS(task1!C4:C83, task1!G4:G83, A9, task1!C4:C83, 2025)/2025 -> 1 | D9: =SUMIFS(task1!C4:C83, task1!G4:G83, A9, task1!C4:C83, 2026)/2026 -> 2
A10: RR | B10: =SUMIFS(task1!C4:C83, task1!G4:G83, A10, task1!C4:C83, 2024)/2024 -> 3 | C10: =SUMIFS(task1!C4:C83, task1!G4:G83, A10, task1!C4:C83, 2025)/2025 -> 3 | D10: =SUMIFS(task1!C4:C83, task1!G4:G83, A10, task1!C4:C83, 2026)/2026 -> 4
A11: SRH | B11: =SUMIFS(task1!C4:C83, task1!G4:G83, A11, task1!C4:C83, 2024)/2024 -> 2 | C11: =SUMIFS(task1!C4:C83, task1!G4:G83, A11, task1!C4:C83, 2025)/2025 -> 2 | D11: =SUMIFS(task1!C4:C83, task1!G4:G83, A11, task1!C4:C83, 2026)/2026 -> 7
