Workbook

Sheet Task 1 - Pivot City Amount
A1: Task 1: Download a sample dataset of 50+ food delivery orders (include columns: Order ID, Restaurant, City, Delivery Partner, Amount) and create a Pivot Table to summarize the total Amount by City.
A3: Order ID | B3: Restaurant | C3: City | D3: Delivery Partner | E3: Amount | G3: Row Labels | H3: Sum of Amount
A4: ODR-2026-001 | B4: Pizza Hut | C4: Surat | D4: Swiggy | E4: 622 | G4: Ahmedabad | H4: =SUMIF(C4:C57, G4, E4:E57) -> 10509
A5: ODR-2026-002 | B5: Subway | C5: Ahmedabad | D5: Swiggy | E5: 416 | G5: Rajkot | H5: =SUMIF(C4:C57, G5, E4:E57) -> 6597
A6: ODR-2026-003 | B6: McDonalds | C6: Ahmedabad | D6: Zepto | E6: 211 | G6: Surat | H6: =SUMIF(C4:C57, G6, E4:E57) -> 7379
A7: ODR-2026-004 | B7: Dominos | C7: Ahmedabad | D7: Zomato | E7: 714 | G7: Vadodara | H7: =SUMIF(C4:C57, G7, E4:E57) -> 11130
A8: ODR-2026-005 | B8: Subway | C8: Vadodara | D8: Zepto | E8: 1073 | G8: Grand Total | H8: =SUM(H4:H7) -> 35615
A9: ODR-2026-006 | B9: Dominos | C9: Ahmedabad | D9: Zepto | E9: 878
A10: ODR-2026-007 | B10: Burger Hub | C10: Rajkot | D10: Blinkit | E10: 895
A11: ODR-2026-008 | B11: Dominos | C11: Surat | D11: Zomato | E11: 858
A12: ODR-2026-009 | B12: Pizza Hut | C12: Rajkot | D12: Swiggy | E12: 1051
A13: ODR-2026-010 | B13: Starbucks | C13: Ahmedabad | D13: Zepto | E13: 564
A14: ODR-2026-011 | B14: Subway | C14: Surat | D14: Zepto | E14: 910
A15: ODR-2026-012 | B15: Starbucks | C15: Surat | D15: Zepto | E15: 960
A16: ODR-2026-013 | B16: Subway | C16: Rajkot | D16: Swiggy | E16: 632
A17: ODR-2026-014 | B17: Burger Hub | C17: Surat | D17: Swiggy | E17: 300
A18: ODR-2026-015 | B18: Dominos | C18: Rajkot | D18: Blinkit | E18: 154
A19: ODR-2026-016 | B19: Dominos | C19: Vadodara | D19: Swiggy | E19: 440
A20: ODR-2026-017 | B20: Starbucks | C20: Rajkot | D20: Zepto | E20: 477
... A57: ODR-2026-054 | B57: Subway | C57: Surat | D57: Zomato | E57: 374

Sheet Task 2 - Matrix Breakdown
A1: Task 2: Using the same dataset, add 'Restaurant' to the Rows and 'City' to the Columns in your Pivot Table, then show the SUM of Amount for each combination.
A3: Row Labels | B3: Ahmedabad | C3: Rajkot | D3: Surat | E3: Vadodara | F3: Grand Total
A4: Burger Hub | B4: =SUMIFS('Task 1 - Pivot City Amount'!$E$4:$E$57, 'Task 1 - Pivot City Amount'!$B$4:$B$57, A4, 'Task 1 - Pivot City Amount'!$C$4:$C$57, B3) -> 1130 | C4: =SUMIFS('Task 1 - Pivot City Amount'!$E$4:$E$57, 'Task 1 - Pivot City Amount'!$B$4:$B$57, A4, 'Task 1 - Pivot City Amount'!$C$4:$C$57, C3) -> 1843 | D4: =SUMIFS('Task 1 - Pivot City Amount'!$E$4:$E$57, 'Task 1 - Pivot City Amount'!$B$4:$B$57, A4, 'Task 1 - Pivot City Amount'!$C$4:$C$57, D3) -> 2080 | E4: =SUMIFS('Task 1 - Pivot City Amount'!$E$4:$E$57, 'Task 1 - Pivot City Amount'!$B$4:$B$57, A4, 'Task 1 - Pivot City Amount'!$C$4:$C$57, E3) -> 1523 | F4: =SUM(B4:E4) -> 6576
A5: Dominos | B5: =SUMIFS('Task 1 - Pivot City Amount'!$E$4:$E$57, 'Task 1 - Pivot City Amount'!$B$4:$B$57, A5, 'Task 1 - Pivot City Amount'!$C$4:$C$57, B3) -> 1592 | C5: =SUMIFS('Task 1 - Pivot City Amount'!$E$4:$E$57, 'Task 1 - Pivot City Amount'!$B$4:$B$57, A5, 'Task 1 - Pivot City Amount'!$C$4:$C$57, C3) -> 154 | D5: =SUMIFS('Task 1 - Pivot City Amount'!$E$4:$E$57, 'Task 1 - Pivot City Amount'!$B$4:$B$57, A5, 'Task 1 - Pivot City Amount'!$C$4:$C$57, D3) -> 2183 | E5: =SUMIFS('Task 1 - Pivot City Amount'!$E$4:$E$57, 'Task 1 - Pivot City Amount'!$B$4:$B$57, A5, 'Task 1 - Pivot City Amount'!$C$4:$C$57, E3) -> 440 | F5: =SUM(B5:E5) -> 4369
A6: KFC | B6: =SUMIFS('Task 1 - Pivot City Amount'!$E$4:$E$57, 'Task 1 - Pivot City Amount'!$B$4:$B$57, A6, 'Task 1 - Pivot City Amount'!$C$4:$C$57, B3) -> 4566 | C6: =SUMIFS('Task 1 - Pivot City Amount'!$E$4:$E$57, 'Task 1 - Pivot City Amount'!$B$4:$B$57, A6, 'Task 1 - Pivot City Amount'!$C$4:$C$57, C3) -> 327 | D6: =SUMIFS('Task 1 - Pivot City Amount'!$E$4:$E$57, 'Task 1 - Pivot City Amount'!$B$4:$B$57, A6, 'Task 1 - Pivot City Amount'!$C$4:$C$57, D3) -> 250 | E6: =SUMIFS('Task 1 - Pivot City Amount'!$E$4:$E$57, 'Task 1 - Pivot City Amount'!$B$4:$B$57, A6, 'Task 1 - Pivot City Amount'!$C$4:$C$57, E3) -> 2139 | F6: =SUM(B6:E6) -> 7282
A7: La Pinoz | B7: =SUMIFS('Task 1 - Pivot City Amount'!$E$4:$E$57, 'Task 1 - Pivot City Amount'!$B$4:$B$57, A7, 'Task 1 - Pivot City Amount'!$C$4:$C$57, B3) -> 369 | C7: =SUMIFS('Task 1 - Pivot City Amount'!$E$4:$E$57, 'Task 1 - Pivot City Amount'!$B$4:$B$57, A7, 'Task 1 - Pivot City Amount'!$C$4:$C$57, C3) -> 0 | D7: =SUMIFS('Task 1 - Pivot City Amount'!$E$4:$E$57, 'Task 1 - Pivot City Amount'!$B$4:$B$57, A7, 'Task 1 - Pivot City Amount'!$C$4:$C$57, D3) -> 0 | E7: =SUMIFS('Task 1 - Pivot City Amount'!$E$4:$E$57, 'Task 1 - Pivot City Amount'!$B$4:$B$57, A7, 'Task 1 - Pivot City Amount'!$C$4:$C$57, E3) -> 1744 | F7: =SUM(B7:E7) -> 2113
A8: McDonalds | B8: =SUMIFS('Task 1 - Pivot City Amount'!$E$4:$E$57, 'Task 1 - Pivot City Amount'!$B$4:$B$57, A8, 'Task 1 - Pivot City Amount'!$C$4:$C$57, B3) -> 211 | C8: =SUMIFS('Task 1 - Pivot City Amount'!$E$4:$E$57, 'Task 1 - Pivot City Amount'!$B$4:$B$57, A8, 'Task 1 - Pivot City Amount'!$C$4:$C$57, C3) -> 1050 | D8: =SUMIFS('Task 1 - Pivot City Amount'!$E$4:$E$57, 'Task 1 - Pivot City Amount'!$B$4:$B$57, A8, 'Task 1 - Pivot City Amount'!$C$4:$C$57, D3) -> 0 | E8: =SUMIFS('Task 1 - Pivot City Amount'!$E$4:$E$57, 'Task 1 - Pivot City Amount'!$B$4:$B$57, A8, 'Task 1 - Pivot City Amount'!$C$4:$C$57, E3) -> 777 | F8: =SUM(B8:E8) -> 2038
A9: Pizza Hut | B9: =SUMIFS('Task 1 - Pivot City Amount'!$E$4:$E$57, 'Task 1 - Pivot City Amount'!$B$4:$B$57, A9, 'Task 1 - Pivot City Amount'!$C$4:$C$57, B3) -> 0 | C9: =SUMIFS('Task 1 - Pivot City Amount'!$E$4:$E$57, 'Task 1 - Pivot City Amount'!$B$4:$B$57, A9, 'Task 1 - Pivot City Amount'!$C$4:$C$57, C3) -> 1269 | D9: =SUMIFS('Task 1 - Pivot City Amount'!$E$4:$E$57, 'Task 1 - Pivot City Amount'!$B$4:$B$57, A9, 'Task 1 - Pivot City Amount'!$C$4:$C$57, D3) -> 622 | E9: =SUMIFS('Task 1 - Pivot City Amount'!$E$4:$E$57, 'Task 1 - Pivot City Amount'!$B$4:$B$57, A9, 'Task 1 - Pivot City Amount'!$C$4:$C$57, E3) -> 2942 | F9: =SUM(B9:E9) -> 4833
A10: Starbucks | B10: =SUMIFS('Task 1 - Pivot City Amount'!$E$4:$E$57, 'Task 1 - Pivot City Amount'!$B$4:$B$57, A10, 'Task 1 - Pivot City Amount'!$C$4:$C$57, B3) -> 825 | C10: =SUMIFS('Task 1 - Pivot City Amount'!$E$4:$E$57, 'Task 1 - Pivot City Amount'!$B$4:$B$57, A10, 'Task 1 - Pivot City Amount'!$C$4:$C$57, C3) -> 716 | D10: =SUMIFS('Task 1 - Pivot City Amount'!$E$4:$E$57, 'Task 1 - Pivot City Amount'!$B$4:$B$57, A10, 'Task 1 - Pivot City Amount'!$C$4:$C$57, D3) -> 960 | E10: =SUMIFS('Task 1 - Pivot City Amount'!$E$4:$E$57, 'Task 1 - Pivot City Amount'!$B$4:$B$57, A10, 'Task 1 - Pivot City Amount'!$C$4:$C$57, E3) -> 0 | F10: =SUM(B10:E10) -> 2501
A11: Subway | B11: =SUMIFS('Task 1 - Pivot City Amount'!$E$4:$E$57, 'Task 1 - Pivot City Amount'!$B$4:$B$57, A11, 'Task 1 - Pivot City Amount'!$C$4:$C$57, B3) -> 1816 | C11: =SUMIFS('Task 1 - Pivot City Amount'!$E$4:$E$57, 'Task 1 - Pivot City Amount'!$B$4:$B$57, A11, 'Task 1 - Pivot City Amount'!$C$4:$C$57, C3) -> 1238 | D11: =SUMIFS('Task 1 - Pivot City Amount'!$E$4:$E$57, 'Task 1 - Pivot City Amount'!$B$4:$B$57, A11, 'Task 1 - Pivot City Amount'!$C$4:$C$57, D3) -> 1284 | E11: =SUMIFS('Task 1 - Pivot City Amount'!$E$4:$E$57, 'Task 1 - Pivot City Amount'!$B$4:$B$57, A11, 'Task 1 - Pivot City Amount'!$C$4:$C$57, E3) -> 1565 | F11: =SUM(B11:E11) -> 5903
A12: Grand Total | B12: =SUM(B4:B11) -> 10509 | C12: =SUM(C4:C11) -> 6597 | D12: =SUM(D4:D11) -> 7379 | E12: =SUM(E4:E11) -> 11130 | F12: =SUM(F4:F11) -> 35615

Sheet Task 3 - Partner Order Counts
A1: Task 3: Modify your Pivot Table to display the COUNT of orders delivered by each Delivery Partner instead of the Amount.
A3: Row Labels | B3: Count of Order ID
A4: Blinkit | B4: =COUNTIF('Task 1 - Pivot City Amount'!D4:D57, A4) -> 11
A5: Swiggy | B5: =COUNTIF('Task 1 - Pivot City Amount'!D4:D57, A5) -> 14
A6: Zepto | B6: =COUNTIF('Task 1 - Pivot City Amount'!D4:D57, A6) -> 17
A7: Zomato | B7: =COUNTIF('Task 1 - Pivot City Amount'!D4:D57, A7) -> 12
A8: Grand Total | B8: =SUM(B4:B7) -> 54

Sheet Task 4 - Filtered City View
A1: Task 4: Add a filter to your Pivot Table so you can view only orders from a specific City (e.g., Ahmedabad) and observe how the summarized values change.
A3: City | B3: Ahmedabad
A5: Row Labels | B5: Sum of Amount
A6: Burger Hub | B6: =SUMIFS('Task 1 - Pivot City Amount'!$E$4:$E$57, 'Task 1 - Pivot City Amount'!$B$4:$B$57, A6, 'Task 1 - Pivot City Amount'!$C$4:$C$57, $B$3) -> 1130
A7: Dominos | B7: =SUMIFS('Task 1 - Pivot City Amount'!$E$4:$E$57, 'Task 1 - Pivot City Amount'!$B$4:$B$57, A7, 'Task 1 - Pivot City Amount'!$C$4:$C$57, $B$3) -> 1592
A8: KFC | B8: =SUMIFS('Task 1 - Pivot City Amount'!$E$4:$E$57, 'Task 1 - Pivot City Amount'!$B$4:$B$57, A8, 'Task 1 - Pivot City Amount'!$C$4:$C$57, $B$3) -> 4566
A9: La Pinoz | B9: =SUMIFS('Task 1 - Pivot City Amount'!$E$4:$E$57, 'Task 1 - Pivot City Amount'!$B$4:$B$57, A9, 'Task 1 - Pivot City Amount'!$C$4:$C$57, $B$3) -> 369
A10: McDonalds | B10: =SUMIFS('Task 1 - Pivot City Amount'!$E$4:$E$57, 'Task 1 - Pivot City Amount'!$B$4:$B$57, A10, 'Task 1 - Pivot City Amount'!$C$4:$C$57, $B$3) -> 211
A11: Pizza Hut | B11: =SUMIFS('Task 1 - Pivot City Amount'!$E$4:$E$57, 'Task 1 - Pivot City Amount'!$B$4:$B$57, A11, 'Task 1 - Pivot City Amount'!$C$4:$C$57, $B$3) -> 0
A12: Starbucks | B12: =SUMIFS('Task 1 - Pivot City Amount'!$E$4:$E$57, 'Task 1 - Pivot City Amount'!$B$4:$B$57, A12, 'Task 1 - Pivot City Amount'!$C$4:$C$57, $B$3) -> 825
A13: Subway | B13: =SUMIFS('Task 1 - Pivot City Amount'!$E$4:$E$57, 'Task 1 - Pivot City Amount'!$B$4:$B$57, A13, 'Task 1 - Pivot City Amount'!$C$4:$C$57, $B$3) -> 1816
A14: Grand Total | B14: =SUM(B6:B13) -> 10509
